{
  "project_info": {
    "project_number": "338976268196",
    "project_id": "mygarden-8fddf",
    "storage_bucket": "mygarden-8fddf.appspot.com"
  },
  "client": [
    {
      "client_info": {
        "mobilesdk_app_id": "1:338976268196:android:f87bab455bccdabf966b31",
        "android_client_info": {
          "package_name": "com.example.mygardenrgr"
        }
      },
      "oauth_client": [
        {
          "client_id": "338976268196-n77pfm0phh1jal06skb3u5q9elcso4eh.apps.googleusercontent.com",
          "client_type": 1,
          "android_info": {
            "package_name": "com.example.mygardenrgr",
            "certificate_hash": "185c381b8dfe2b889d231fc90d8b64d479c72be5"
          }
        },
        {
          "client_id": "338976268196-snph3hodp90a3jj1kvni909ss697ap7p.apps.googleusercontent.com",
          "client_type": 3
        }
      ],
      "api_key": [
        {
          "current_key": "AIzaSyBtojujFEQDKWFbXiO_H3lz22jK6ylrX4o"
        }
      ],
      "services": {
        "appinvite_service": {
          "other_platform_oauth_client": [
            {
              "client_id": "338976268196-snph3hodp90a3jj1kvni909ss697ap7p.apps.googleusercontent.com",
              "client_type": 3
            }
          ]
        }
      }
    }
  ],
  "configuration_version": "1"
}